size,tempsCopy,tempsSansCopy
100,0.1239,0.115379
200,0.138497,0.134516
400,0.178097,0.173976
800,0.287191,0.258346
1600,0.462844,0.417516
3200,0.925338,0.733063
6400,1.94985,1.36842
12800,3.87386,2.65323
25600,8.05035,5.33062
51200,9.09274,3.64233
