Temps , Sans Copie, Aff3ct
1000,0.001764,0.023223
10000,0.016871,0.163247
100000,0.072977,0.827203
1000000,0.641324,10.4188
10000000,16.5799,86.1806
